Timestamp,MuestrasEnVentana,MuestrasRuidosas,Attention,Meditation,PoorSignal,Theta_ASIC,Alpha_ASIC,Beta_ASIC,CLI_ASIC,Eng_ASIC,Theta_FFT_filt,Alpha_FFT_filt,Beta_FFT_filt,CLI_FFT_filt,Eng_FFT_filt,Marcador
2026-05-29T12:32:38.557496,533,0,63,16,0,150173,84091,26760,1.7858,0.1142,2284316.0,550303.1,99081.2,4.151,0.035,
2026-05-29T12:32:39.561255,514,0,74,16,0,10391,1997,2118,5.2033,0.171,30056.61,8329.24,10666.02,3.6086,0.2779,
2026-05-29T12:32:40.565865,514,0,30,11,0,50671,12180,7104,4.1602,0.113,7964.51,1645.67,6489.34,4.8397,0.6753,
2026-05-29T12:32:41.570348,509,0,35,8,0,56728,38480,23183,1.4742,0.2435,101392.02,37490.35,17488.38,2.7045,0.1259,
2026-05-29T12:32:42.583887,521,0,40,20,0,205130,77402,14515,2.6502,0.0514,293352.58,76553.52,35918.85,3.832,0.0971,
2026-05-29T12:32:43.586784,517,0,37,16,0,55845,18512,9926,3.0167,0.1335,223082.57,46111.88,18855.62,4.8379,0.07,
2026-05-29T12:32:44.590176,483,0,53,21,0,98000,27498,5726,3.5639,0.0456,1627508.25,423994.38,185655.93,3.8385,0.0905,
2026-05-29T12:32:45.593772,544,0,30,26,0,200557,51925,32867,3.8624,0.1302,1780402.58,69057.59,17790.89,25.7814,0.0096,
2026-05-29T12:32:46.598073,513,0,16,17,0,24511,8910,5602,2.751,0.1676,359716.16,55018.07,28749.83,6.5381,0.0693,
2026-05-29T12:32:47.602259,514,0,43,16,0,42121,13358,20792,3.1532,0.3748,245971.57,67488.81,44126.66,3.6446,0.1408,
2026-05-29T12:32:48.607329,515,0,60,13,0,49778,14985,14004,3.3219,0.2162,976819.85,168253.65,21693.91,5.8056,0.0189,
2026-05-29T12:32:49.610775,515,0,75,11,0,363723,37479,31697,9.7047,0.079,14317558.31,2318024.8,455241.52,6.1766,0.0274,
2026-05-29T12:32:50.613985,514,329,61,3,26,279037,55093,38467,5.0648,0.1151,19199355.04,3291699.87,1037042.68,5.8327,0.0461,
2026-05-29T12:32:51.619002,515,515,61,3,26,515048,112838,74839,4.5645,0.1192,2833227.27,424936.97,568385.52,6.6674,0.1744,
2026-05-29T12:32:52.621720,496,180,61,3,0,6266,6915,2994,0.9061,0.2271,3296946.36,464919.46,65177.23,7.0914,0.0173,
2026-05-29T12:32:53.624250,528,0,60,13,0,331930,46148,16257,7.1927,0.043,256079.37,115504.65,105781.21,2.217,0.2847,
2026-05-29T12:32:54.628869,517,0,34,8,0,96940,17809,23279,5.4433,0.2029,211829.65,190799.48,97558.32,1.1102,0.2423,
2026-05-29T12:32:55.632302,513,0,40,3,0,5786,2516,1874,2.2997,0.2257,2798200.11,131713.29,94417.51,21.2446,0.0322,
2026-05-29T12:32:56.636197,496,0,44,14,0,111836,31732,17229,3.5244,0.12,1582819.01,323130.4,17425.18,4.8984,0.0091,
2026-05-29T12:32:57.639162,532,0,26,4,0,75828,25533,18283,2.9698,0.1804,44011.15,12215.15,20079.35,3.603,0.3571,
2026-05-29T12:32:58.643405,513,0,50,11,0,69007,15451,13969,4.4662,0.1654,25762.21,12461.87,16964.45,2.0673,0.4438,
2026-05-29T12:32:59.647776,513,0,64,13,0,111946,18722,22752,5.9794,0.1741,91448.2,23045.89,7208.01,3.9681,0.063,
2026-05-29T12:33:00.651345,516,0,61,7,0,74903,10978,4558,6.823,0.0531,986568.81,270210.58,71829.84,3.6511,0.0572,
2026-05-29T12:33:01.654630,514,0,48,1,0,11075,4903,5372,2.2588,0.3362,94318.54,56125.97,64508.44,1.6805,0.4288,
2026-05-29T12:33:02.658485,513,0,57,1,0,67366,34463,28139,1.9547,0.2763,488459.59,36940.8,84003.33,13.2228,0.1599,
2026-05-29T12:33:03.663106,491,0,61,7,0,112869,32936,44646,3.4269,0.3062,1937403.79,50274.05,20238.07,38.5369,0.0102,
2026-05-29T12:33:04.666530,538,0,80,11,0,8282,4434,733,1.8678,0.0576,757857.55,24609.41,106922.24,30.7954,0.1366,
2026-05-29T12:33:05.670608,514,0,80,24,0,182569,147678,66900,1.2363,0.2026,1019217.79,283780.04,39245.66,3.5916,0.0301,
2026-05-29T12:33:06.674603,514,0,70,34,0,292171,251291,69952,1.1627,0.1287,161376.47,190925.48,51691.05,0.8452,0.1467,
2026-05-29T12:33:07.678841,502,0,54,40,0,306216,134392,17090,2.2785,0.0388,1507361.66,244371.87,155881.45,6.1683,0.089,
2026-05-29T12:33:08.683654,527,0,24,47,0,98753,10459,31326,9.4419,0.2868,285091.7,71830.92,58000.35,3.9689,0.1625,
2026-05-29T12:33:09.687718,514,0,63,27,0,211785,42365,25634,4.9991,0.1009,1831389.66,143124.64,245589.18,12.7958,0.1244,
2026-05-29T12:33:10.692316,506,0,37,14,0,109549,12422,10567,8.819,0.0866,210548.82,67858.64,37219.44,3.1028,0.1337,
2026-05-29T12:33:11.695620,522,0,24,1,0,460422,207989,75963,2.2137,0.1136,240321.28,18850.72,30497.82,12.7487,0.1177,
2026-05-29T12:33:12.699656,500,0,30,1,0,73114,53375,16075,1.3698,0.1271,4183986.93,453930.4,44063.62,9.2172,0.0095,
2026-05-29T12:33:13.703764,528,0,3,14,0,53901,39909,20015,1.3506,0.2134,151513.46,22900.14,51184.33,6.6163,0.2935,
2026-05-29T12:33:14.707010,513,0,24,24,0,149939,20752,49761,7.2253,0.2915,55505.63,59079.94,22400.43,0.9395,0.1955,
2026-05-29T12:33:15.709840,514,0,43,24,0,489011,5543,62277,88.2214,0.1259,154688.68,32972.33,49355.58,4.6915,0.263,
2026-05-29T12:33:16.714113,515,0,50,10,0,23687,8173,3399,2.8982,0.1067,49289.82,28422.23,49965.63,1.7342,0.643,
2026-05-29T12:33:17.717258,511,0,41,11,0,51454,21373,4883,2.4074,0.067,253005.66,27400.25,12554.42,9.2337,0.0448,
2026-05-29T12:33:18.722149,495,0,21,16,0,63061,14880,9772,4.238,0.1254,418333.25,60457.21,15569.82,6.9195,0.0325,
2026-05-29T12:33:19.727763,535,0,10,35,0,1312344,50085,109864,26.2023,0.0806,854993.24,54999.05,33631.25,15.5456,0.037,
2026-05-29T12:33:20.731554,515,0,14,43,0,89098,36870,95687,2.4165,0.7596,14541815.12,1731077.19,1467536.01,8.4004,0.0902,
2026-05-29T12:33:21.735469,515,392,43,41,26,64662,19613,75194,3.2969,0.8922,4774187.71,2044405.91,437003.16,2.3352,0.0641,
2026-05-29T12:33:22.738940,505,120,43,41,0,95095,128594,34729,0.7395,0.1553,145679.43,35150.54,16919.76,4.1444,0.0936,
2026-05-29T12:33:23.742298,522,0,61,48,0,107908,19596,26281,5.5066,0.2061,1116702.89,99085.28,20902.88,11.2701,0.0172,
2026-05-29T12:33:24.746139,514,0,60,44,0,229255,45704,8266,5.0161,0.0301,5596.86,6673.4,11632.1,0.8387,0.948,
2026-05-29T12:33:25.749889,513,0,40,56,0,41477,17760,10564,2.3354,0.1783,17581.31,10245.96,19167.44,1.7159,0.6888,
2026-05-29T12:33:26.754270,511,0,30,60,0,32118,12453,22934,2.5791,0.5145,650676.46,98598.33,21227.42,6.5993,0.0283,
2026-05-29T12:33:27.757090,517,0,43,50,0,239490,11151,3294,21.477,0.0131,544566.95,87213.47,113643.96,6.2441,0.1799,
2026-05-29T12:33:28.762764,515,0,27,41,0,33090,45879,35040,0.7212,0.4437,39761.79,25812.91,11865.17,1.5404,0.1809,
2026-05-29T12:33:29.766681,499,0,56,50,0,5226,18123,2886,0.2884,0.1236,14501.93,7546.54,32140.44,1.9217,1.4577,
2026-05-29T12:33:30.769933,529,0,57,61,0,41132,27552,19002,1.4929,0.2767,30928.21,12630.89,11714.18,2.4486,0.2689,
2026-05-29T12:33:31.773576,514,0,53,66,0,64416,123947,44837,0.5197,0.238,693658.73,95260.04,135489.87,7.2817,0.1717,
2026-05-29T12:33:32.777443,514,0,77,88,0,208713,29493,17594,7.0767,0.0739,21214091.09,1005601.04,547348.58,21.0959,0.0246,
2026-05-29T12:33:33.780626,497,0,69,78,0,12340,15061,8228,0.8193,0.3003,427405.69,8011.23,13584.35,53.3508,0.0312,
2026-05-29T12:33:34.784713,529,0,83,69,0,4528,3902,1479,1.1604,0.1754,162517.59,71278.54,54633.22,2.28,0.2337,
2026-05-29T12:33:35.789535,515,0,81,74,0,34573,15828,13541,2.1843,0.2687,420483.16,60659.0,24624.88,6.9319,0.0512,
2026-05-29T12:33:36.794642,516,0,93,64,0,240730,34688,21617,6.9399,0.0785,68667.05,10860.7,18406.39,6.3225,0.2314,
2026-05-29T12:33:37.797996,510,0,93,64,0,71328,26739,15230,2.6676,0.1553,98672.89,52434.35,12985.71,1.8818,0.0859,
2026-05-29T12:33:38.801360,517,0,83,60,0,137827,34284,38284,4.0202,0.2224,761174.74,109753.66,35670.66,6.9353,0.041,
2026-05-29T12:33:39.805017,514,0,87,51,0,66311,11276,6498,5.8807,0.0838,825250.22,15928.23,171528.67,51.8105,0.2039,
2026-05-29T12:33:40.809250,475,0,70,47,0,17810,6669,3474,2.6706,0.1419,172043.34,22069.84,9537.66,7.7954,0.0491,
2026-05-29T12:33:41.814024,554,0,81,51,0,17762,17393,3639,1.0212,0.1035,11953.2,12257.93,20588.28,0.9751,0.8504,
2026-05-29T12:33:42.819778,515,0,75,57,0,69367,16147,17665,4.296,0.2066,310762.58,55764.99,21316.96,5.5727,0.0582,
2026-05-29T12:33:43.823181,512,0,70,57,0,137199,47017,14882,2.9181,0.0808,257064.81,136708.16,44785.18,1.8804,0.1137,
2026-05-29T12:33:44.829021,506,0,78,61,25,22157,13248,4336,1.6725,0.1225,1549150.07,125446.42,67078.01,12.3491,0.0401,
2026-05-29T12:33:45.833649,525,442,78,61,51,8579,11340,6032,0.7565,0.3028,23.5,1.92,3.09,12.2443,0.1216,
2026-05-29T12:33:46.838025,512,70,78,61,25,8686,9798,3485,0.8865,0.1885,4561505.25,527656.82,68760.36,8.6448,0.0135,
2026-05-29T12:33:47.842069,515,0,78,61,0,47025,6382,3404,7.3684,0.0637,2361549.69,2470881.32,646650.23,0.9558,0.1338,
2026-05-29T12:33:48.847051,501,0,63,56,0,870299,242819,950120,3.5841,0.8536,9462295.16,1653690.85,2137716.38,5.7219,0.1923,
2026-05-29T12:33:49.850263,529,0,83,43,0,181881,281010,275749,0.6472,0.5957,6477735.9,2197781.52,1173345.54,2.9474,0.1352,
2026-05-29T12:33:50.853392,512,0,84,51,0,40345,37012,35562,1.0901,0.4597,4906744.4,2757968.52,1775395.92,1.7791,0.2316,
2026-05-29T12:33:51.858458,516,0,96,54,25,9721,28207,19821,0.3446,0.5226,7977721.11,4636070.43,917472.58,1.7208,0.0727,
2026-05-29T12:33:52.862489,509,0,96,54,0,331133,194644,106916,1.7012,0.2033,3859538.17,4163616.56,1135403.85,0.927,0.1415,
2026-05-29T12:33:53.865611,519,0,100,63,0,77550,47694,43898,1.626,0.3505,1471344.56,2363536.12,3283967.58,0.6225,0.8563,
2026-05-29T12:33:54.868576,498,445,97,69,26,32911,17712,11810,1.8581,0.2333,10465020.46,2156472.31,2490781.48,4.8528,0.1973,
2026-05-29T12:33:55.872559,526,526,97,69,26,119542,41455,37217,2.8837,0.2312,11657223.13,1895308.05,1834226.73,6.1506,0.1353,
2026-05-29T12:33:56.875649,517,517,97,69,26,600056,184738,113458,3.2481,0.1446,5253606.66,2165415.1,1584149.63,2.4261,0.2135,
2026-05-29T12:33:57.878584,514,514,97,69,51,7232,9324,14338,0.7756,0.866,16112232.02,7688790.73,2681742.69,2.0955,0.1127,
2026-05-29T12:33:58.881190,512,512,97,69,26,266844,265876,407804,1.0036,0.7655,3980259.38,163792.24,207194.73,24.3007,0.05,
2026-05-29T12:33:59.884938,493,493,97,69,26,55923,48462,27369,1.154,0.2622,8643448.88,1896318.9,1592452.04,4.558,0.1511,
2026-05-29T12:34:00.888322,536,65,97,69,0,107477,111563,122290,0.9634,0.5583,843093.95,546217.1,667770.91,1.5435,0.4806,
2026-05-29T12:34:01.891480,505,464,97,67,26,549179,171274,128245,3.2064,0.178,347042.89,80596.57,141485.39,4.3059,0.3309,
2026-05-29T12:34:02.894731,521,521,97,67,51,16517,7626,6618,2.1659,0.2741,17738332.91,734468.57,629319.46,24.1512,0.0341,
2026-05-29T12:34:03.898811,500,500,97,67,51,341532,199378,122618,1.713,0.2267,826495.74,1060838.49,1823798.92,0.7791,0.9663,
2026-05-29T12:34:04.902530,529,51,97,67,25,133352,396698,410907,0.3362,0.7752,4620113.57,1259170.15,6004257.36,3.6692,1.0213,
2026-05-29T12:34:05.907150,513,479,97,67,51,705270,412370,781986,1.7103,0.6997,2103.85,1616.38,2710.99,1.3016,0.7287,
2026-05-29T12:34:06.911485,515,33,97,67,25,8635,5985,5588,1.4428,0.3822,22675460.23,11373578.44,3952915.99,1.9937,0.1161,
2026-05-29T12:34:07.915998,514,484,97,67,51,30729,61199,36113,0.5021,0.3928,6549271.93,4930795.87,2502437.55,1.3282,0.218,
2026-05-29T12:34:08.920763,513,513,97,67,51,47019,24413,46279,1.926,0.6479,217263.98,76197.57,55446.13,2.8513,0.1889,
2026-05-29T12:34:09.923487,515,27,97,67,25,829639,388814,259738,2.1338,0.2132,45719720.68,4537173.9,5446898.97,10.0767,0.1084,
2026-05-29T12:34:10.927089,471,447,97,67,51,118744,56040,93271,2.1189,0.5336,310776.84,10772.91,12272.54,28.848,0.0382,
2026-05-29T12:34:11.929920,556,65,97,67,25,3635,6679,612,0.5442,0.0593,17224.1,13915.37,16054.61,1.2378,0.5156,
2026-05-29T12:34:12.934149,515,0,97,67,0,12088,6000,4028,2.0147,0.2227,20162.67,7880.66,10501.65,2.5585,0.3745,
2026-05-29T12:34:13.938090,513,0,90,66,0,240575,17790,49765,13.523,0.1926,4913.05,7946.48,5240.72,0.6183,0.4075,
2026-05-29T12:34:14.942005,496,0,91,53,0,45385,15066,5093,3.0124,0.0843,11097.94,808.84,8426.74,13.7208,0.7077,
2026-05-29T12:34:15.946569,533,0,75,51,0,67216,2133,15021,31.5124,0.2166,39196.73,11539.58,21286.84,3.3967,0.4196,
2026-05-29T12:34:16.952030,515,0,67,30,0,297773,52170,30537,5.7077,0.0873,15794.0,5850.5,15652.41,2.6996,0.7232,
2026-05-29T12:34:17.956925,507,0,54,26,0,42904,16589,10688,2.5863,0.1797,3789.72,7028.16,7287.1,0.5392,0.6736,
2026-05-29T12:34:18.960056,516,0,51,37,0,5457,9452,5908,0.5773,0.3963,10659.72,4794.97,7788.23,2.2231,0.5039,
2026-05-29T12:34:19.963969,519,0,69,44,0,13396,14371,9145,0.9322,0.3293,30012.15,5493.12,11740.15,5.4636,0.3307,
2026-05-29T12:34:20.968977,513,0,75,66,0,24123,7223,12125,3.3397,0.3868,588708.17,113672.47,9669.93,5.179,0.0138,
2026-05-29T12:34:21.973896,514,0,93,67,0,13182,26537,17382,0.4967,0.4376,5421.76,13349.05,21501.08,0.4062,1.1455,
2026-05-29T12:34:22.977833,514,0,100,70,0,15768,21307,11874,0.74,0.3203,26864.41,12900.35,13946.55,2.0825,0.3507,
2026-05-29T12:34:23.981595,515,0,100,74,0,12577,12820,11966,0.981,0.4712,9180.34,5152.36,12447.1,1.7818,0.8684,
2026-05-29T12:34:24.985276,507,0,100,78,0,99562,57647,36059,1.7271,0.2294,16950.29,15366.62,28917.23,1.1031,0.8948,
2026-05-29T12:34:25.988961,496,0,100,78,0,99562,57647,36059,1.7271,0.2294,24825.73,7120.41,22972.52,3.4866,0.7191,
2026-05-29T12:34:26.991884,539,0,67,67,0,36125,13778,16323,2.6219,0.3271,8690.47,2658.01,17137.57,3.2695,1.5101,
2026-05-29T12:34:27.994752,514,0,69,61,0,12023,10064,19410,1.1947,0.8788,33858.35,40202.77,19260.89,0.8422,0.2601,
2026-05-29T12:34:28.999627,514,0,74,57,0,16673,9590,8890,1.7386,0.3385,16870.44,2099.93,8021.59,8.0338,0.4228,
2026-05-29T12:34:30.004720,497,0,91,57,0,35789,42578,11956,0.8406,0.1526,21908.18,15577.9,11234.14,1.4064,0.2997,
2026-05-29T12:34:31.007660,532,0,91,66,0,21575,5172,9326,4.1715,0.3487,10746.76,3206.93,11160.97,3.3511,0.7999,
2026-05-29T12:34:32.010903,510,0,93,63,0,7968,18082,8109,0.4407,0.3113,8379.49,9690.06,5544.86,0.8648,0.3069,
2026-05-29T12:34:33.013831,516,0,90,70,0,19720,15986,8144,1.2336,0.2281,14002.95,6490.72,5179.38,2.1574,0.2527,
2026-05-29T12:34:34.017641,515,0,87,75,0,219805,51170,21162,4.2956,0.0781,55056.93,56313.76,34107.5,0.9777,0.3063,
2026-05-29T12:34:35.020199,513,0,74,64,0,16910,22250,18603,0.76,0.4751,5661.2,8948.78,13461.73,0.6326,0.9214,
2026-05-29T12:34:36.023814,514,0,77,74,0,37607,8917,4231,4.2174,0.0909,590851.1,78354.41,14944.38,7.5408,0.0223,
2026-05-29T12:34:37.027477,512,0,63,63,0,57500,33584,9729,1.7121,0.1068,72063.63,22500.66,10081.25,3.2027,0.1066,E1
2026-05-29T12:34:38.030890,516,0,60,61,0,663746,169972,76987,3.905,0.0923,53040.85,7083.12,22832.75,7.4883,0.3798,
2026-05-29T12:34:39.035427,514,0,67,61,0,1033895,183911,61488,5.6217,0.0505,164759.1,15342.01,16116.32,10.7391,0.0895,
2026-05-29T12:34:40.040367,514,0,48,53,0,43735,57563,5141,0.7598,0.0508,22275.24,30604.05,18004.9,0.7279,0.3405,
2026-05-29T12:34:41.044138,498,0,47,64,0,21698,12837,10688,1.6903,0.3095,20197.42,4756.44,7972.36,4.2463,0.3195,
2026-05-29T12:34:42.048077,531,0,47,63,0,44126,20387,11824,2.1644,0.1833,204860.52,36597.37,7596.34,5.5977,0.0315,
2026-05-29T12:34:43.051189,514,0,54,66,0,30349,20260,16664,1.498,0.3293,45733.35,18440.1,19357.81,2.4801,0.3016,
2026-05-29T12:34:44.054758,513,0,69,74,0,48219,9908,11031,4.8667,0.1898,13509.95,4756.67,15181.97,2.8402,0.8311,
2026-05-29T12:34:45.057895,506,0,80,57,0,50113,3165,14732,15.8335,0.2765,10656.97,8780.23,16959.17,1.2137,0.8725,
2026-05-29T12:34:46.061749,511,0,80,44,0,7067,1756,617,4.0245,0.0699,85355.85,53347.66,45920.91,1.6,0.3311,
2026-05-29T12:34:47.066811,525,0,67,41,0,258127,29811,18531,8.6588,0.0644,4321716.04,80608.79,32908.52,53.6135,0.0075,
2026-05-29T12:34:48.070718,514,0,48,30,0,11129,22696,6987,0.4904,0.2066,121200.26,20539.7,33641.11,5.9008,0.2373,
2026-05-29T12:34:49.074794,515,0,48,47,0,63044,32715,29794,1.9271,0.3111,4158.66,13666.96,26599.66,0.3043,1.4922,
2026-05-29T12:34:50.078133,512,0,57,60,0,55711,15018,23410,3.7096,0.331,23684.7,5182.08,15084.89,4.5705,0.5226,
2026-05-29T12:34:51.081876,514,0,69,60,0,38240,10691,13833,3.5768,0.2827,5944.83,9209.0,17856.41,0.6455,1.1783,
2026-05-29T12:34:52.085491,513,0,87,64,0,23216,16054,6126,1.4461,0.156,594583.99,22553.22,12483.78,26.3636,0.0202,
2026-05-29T12:34:53.089212,509,0,80,57,0,12261,3772,16900,3.2505,1.0541,8769.01,3464.05,13908.98,2.5314,1.137,
2026-05-29T12:34:54.092439,520,0,88,51,0,23625,38936,22262,0.6068,0.3558,628736.75,74189.57,19172.87,8.4747,0.0273,
2026-05-29T12:34:55.096498,502,0,90,61,0,34352,24759,20011,1.3875,0.3385,12277.78,11932.28,18713.84,1.029,0.773,
2026-05-29T12:34:56.102527,512,0,96,66,0,24088,6210,10231,3.8789,0.3377,25523.76,5351.86,14744.37,4.7691,0.4775,
2026-05-29T12:34:57.105758,529,0,100,57,0,19265,4114,14660,4.6828,0.6271,5982.64,5922.78,20648.4,1.0101,1.7344,
2026-05-29T12:34:58.109916,512,0,100,57,0,53766,64346,29220,0.8356,0.2474,1156626.73,246876.44,36058.88,4.685,0.0257,
2026-05-29T12:34:59.114075,516,0,100,57,0,30877,5737,7473,5.3821,0.2041,183278.65,19048.87,7403.69,9.6215,0.0366,
2026-05-29T12:35:00.117643,511,0,87,50,0,30466,48457,16717,0.6287,0.2118,3800.84,3687.12,7718.54,1.0308,1.0308,
2026-05-29T12:35:01.121136,518,0,78,61,0,35266,12427,8755,2.8379,0.1836,17022.32,5412.27,10491.88,3.1451,0.4677,
2026-05-29T12:35:02.126978,513,0,67,67,0,116933,21502,6889,5.4382,0.0498,434947.57,46536.06,6592.97,9.3465,0.0137,
2026-05-29T12:35:03.130701,514,0,63,56,0,43872,11496,3808,3.8163,0.0688,384163.37,40434.87,7238.24,9.5008,0.017,
2026-05-29T12:35:04.134324,514,0,57,60,0,6140,12263,7808,0.5007,0.4243,5260.4,5054.88,12824.41,1.0407,1.2432,
2026-05-29T12:35:05.138122,515,0,64,60,0,54885,42688,23764,1.2857,0.2436,20038.05,25776.39,14306.62,0.7774,0.3123,
2026-05-29T12:35:06.142818,513,0,56,63,0,26679,9548,10433,2.7942,0.288,108446.32,18967.04,22304.14,5.7176,0.1751,
2026-05-29T12:35:07.148384,489,0,67,66,0,32057,24041,24403,1.3334,0.435,32191.71,29210.13,26681.04,1.1021,0.4345,
2026-05-29T12:35:08.150757,539,0,88,69,0,26808,14728,14163,1.8202,0.341,268127.84,29470.51,20752.19,9.0982,0.0697,
2026-05-29T12:35:09.154953,512,0,78,64,0,38052,3201,3931,11.8875,0.0953,1029492.08,172087.82,12008.59,5.9824,0.01,
2026-05-29T12:35:10.157874,517,0,80,51,0,11529,14039,12081,0.8212,0.4725,4096.24,6542.62,14768.58,0.6261,1.3882,
2026-05-29T12:35:11.163222,503,0,93,56,0,8351,27308,20081,0.3058,0.5631,31860.05,20880.76,19927.48,1.5258,0.3778,
2026-05-29T12:35:12.167100,527,0,94,63,0,48117,9378,4534,5.1308,0.0789,255774.14,56210.28,7969.74,4.5503,0.0255,
2026-05-29T12:35:13.174248,514,0,88,57,0,23892,12885,13327,1.8542,0.3624,792.02,7770.58,18762.0,0.1019,2.1912,
2026-05-29T12:35:14.177973,515,0,100,67,0,7129,25203,11256,0.2829,0.3481,10464.65,11633.47,11147.85,0.8995,0.5045,
2026-05-29T12:35:15.181422,511,0,91,74,0,24146,22721,16487,1.0627,0.3518,33443.27,11791.81,21159.67,2.8361,0.4678,
2026-05-29T12:35:16.185408,511,0,80,69,0,246437,25391,31824,9.7057,0.1171,346195.87,48019.4,45649.08,7.2095,0.1158,
2026-05-29T12:35:17.188005,519,0,81,64,0,162085,29621,17028,5.472,0.0888,46112.95,15362.59,8498.08,3.0016,0.1382,
2026-05-29T12:35:18.192963,501,0,67,60,0,14187,6144,10861,2.3091,0.5342,10745.12,8807.31,20120.6,1.22,1.0291,
2026-05-29T12:35:19.197111,527,0,69,48,0,18138,5754,6114,3.1522,0.2559,1165379.56,184670.64,46923.19,6.3106,0.0348,
2026-05-29T12:35:20.200981,514,0,69,43,0,64915,20707,14396,3.1349,0.1681,1343013.96,84710.89,97335.23,15.8541,0.0682,
2026-05-29T12:35:21.204827,515,0,67,50,0,21325,10836,2847,1.968,0.0885,32789.4,78594.84,30187.62,0.4172,0.271,
2026-05-29T12:35:22.209171,492,0,64,57,0,231575,210359,41480,1.1009,0.0939,276434.92,180157.42,30426.79,1.5344,0.0666,
2026-05-29T12:35:23.214266,536,0,53,64,0,644160,132694,51034,4.8545,0.0657,518159.93,74097.79,84358.8,6.9929,0.1424,
2026-05-29T12:35:24.218353,514,0,48,63,0,22585,7833,5759,2.8833,0.1893,102552.82,45996.56,352667.11,2.2296,2.3741,
2026-05-29T12:35:25.223226,514,0,51,64,0,49820,66575,25280,0.7483,0.2172,1820195.04,605738.22,289663.56,3.0049,0.1194,
2026-05-29T12:35:26.226521,503,0,57,67,0,42127,31003,14928,1.3588,0.2041,1973473.7,278361.45,150554.68,7.0896,0.0669,
2026-05-29T12:35:27.230338,526,0,60,67,0,99519,34191,67329,2.9107,0.5035,99895.99,98093.27,38383.63,1.0184,0.1939,
2026-05-29T12:35:28.235383,514,0,69,67,0,68108,48827,19952,1.3949,0.1706,20280.13,27424.45,19200.33,0.7395,0.4025,
2026-05-29T12:35:29.238910,514,0,69,70,0,29555,15470,12149,1.9105,0.2698,85150.11,21528.19,20722.69,3.9553,0.1943,
2026-05-29T12:35:30.242221,510,0,69,66,0,31376,71654,25994,0.4379,0.2523,46467.28,31093.65,25216.34,1.4944,0.3251,
2026-05-29T12:35:31.246099,518,0,66,69,0,36968,24023,20925,1.5389,0.3431,38150.49,10756.44,18346.58,3.5468,0.3751,
2026-05-29T12:35:32.250581,511,0,70,75,0,51817,38903,9190,1.332,0.1013,58273.41,23228.07,8468.71,2.5087,0.1039,
2026-05-29T12:35:33.255553,518,0,66,75,0,15956,8030,13555,1.987,0.5651,7252.27,10867.64,10930.47,0.6673,0.6032,
2026-05-29T12:35:34.260126,514,0,83,74,0,56565,25082,22601,2.2552,0.2768,212020.82,108524.34,25237.08,1.9537,0.0787,
2026-05-29T12:35:35.263318,514,0,90,64,0,55725,51314,17300,1.086,0.1616,74592.95,29978.12,35595.29,2.4882,0.3404,
2026-05-29T12:35:36.267427,514,0,78,69,0,7557,8324,12190,0.9079,0.7676,8794.07,8791.29,11447.12,1.0003,0.6509,
2026-05-29T12:35:37.271159,493,0,96,66,0,14521,5816,4946,2.4967,0.2432,574226.54,100285.82,9268.79,5.7259,0.0137,
2026-05-29T12:35:38.275008,535,0,80,66,0,25103,11699,11631,2.1457,0.316,7760.92,5425.16,12042.23,1.4305,0.9133,
2026-05-29T12:35:39.279150,510,0,84,66,0,119405,25963,15554,4.599,0.107,38090.7,41912.77,28450.02,0.9088,0.3556,
2026-05-29T12:35:40.283859,519,0,80,56,0,155019,36517,63956,4.2451,0.3339,3392520.83,294330.24,223646.76,11.5262,0.0607,
2026-05-29T12:35:41.289459,504,0,77,50,0,62371,25774,9677,2.4199,0.1098,1105162.06,249132.21,16948.72,4.436,0.0125,
2026-05-29T12:35:42.292395,523,0,69,50,0,154658,108947,33317,1.4196,0.1264,627243.71,82800.21,7366.38,7.5754,0.0104,
2026-05-29T12:35:43.296896,514,0,61,54,0,228987,65547,19675,3.4935,0.0668,31214.47,3744.46,13159.41,8.3362,0.3764,
2026-05-29T12:35:44.309685,501,0,57,57,0,18063,7264,9907,2.4866,0.3912,14027.57,6319.22,7476.57,2.2198,0.3675,
2026-05-29T12:35:45.317023,532,0,57,61,0,14945,37195,17038,0.4018,0.3268,22451.76,33889.57,34326.92,0.6625,0.6093,
2026-05-29T12:35:46.320313,513,0,77,69,0,10564,9338,5188,1.1313,0.2607,232274.76,15416.69,15518.01,15.0664,0.0627,
2026-05-29T12:35:47.324716,517,0,77,67,0,36499,7607,6282,4.7981,0.1424,927037.0,86510.97,8589.71,10.7158,0.0085,
2026-05-29T12:35:48.328563,514,0,77,66,0,145003,60598,21830,2.3929,0.1062,2852482.62,131247.3,28818.65,21.7336,0.0097,
2026-05-29T12:35:49.331978,514,0,66,67,0,118327,54389,12655,2.1756,0.0733,1391220.09,109997.45,40432.74,12.6477,0.0269,
2026-05-29T12:35:50.335410,514,0,44,60,0,369716,32740,42308,11.2925,0.1051,309291.77,57603.35,28799.05,5.3693,0.0785,
2026-05-29T12:35:51.340268,502,0,43,47,0,120012,140349,28405,0.8551,0.1091,134806.29,51347.67,18535.63,2.6254,0.0996,
2026-05-29T12:35:52.344670,503,0,50,57,0,303718,57188,46924,5.3109,0.13,85146.21,33611.89,25459.91,2.5332,0.2144,
2026-05-29T12:35:53.349779,538,0,40,53,0,97640,60077,30553,1.6252,0.1937,146363.58,29132.82,32360.01,5.024,0.1844,
2026-05-29T12:35:54.356105,515,0,43,54,0,58945,10757,3084,5.4797,0.0442,257622.75,14362.07,18528.64,17.9377,0.0681,
2026-05-29T12:35:55.359582,514,0,30,57,0,21125,6863,3612,3.0781,0.1291,100250.25,32096.22,14858.69,3.1234,0.1123,
2026-05-29T12:35:56.362962,501,0,34,50,0,75488,61741,97896,1.2227,0.7134,82148.14,36301.85,22514.4,2.2629,0.1901,
2026-05-29T12:35:57.366874,526,0,53,54,0,88266,29452,19778,2.9969,0.168,11658.67,9330.18,21824.08,1.2496,1.0398,
2026-05-29T12:35:58.370146,507,0,56,51,0,94495,49606,29039,1.9049,0.2015,795145.15,120010.81,22541.94,6.6256,0.0246,
2026-05-29T12:35:59.373619,521,0,64,57,0,31761,13357,19068,2.3779,0.4226,5152.92,5136.94,11936.4,1.0031,1.16,
2026-05-29T12:36:00.378132,502,0,69,57,0,28365,27277,7215,1.0399,0.1297,17947.35,11860.94,11118.7,1.5131,0.373,
2026-05-29T12:36:01.382776,525,0,61,63,0,55158,39556,25421,1.3944,0.2684,167812.19,69774.39,51181.5,2.4051,0.2154,
2026-05-29T12:36:02.387501,517,0,70,66,0,22258,24301,23912,0.9159,0.5136,19321.87,14837.57,21722.16,1.3022,0.6359,
2026-05-29T12:36:03.390935,505,0,84,69,0,32637,10215,33173,3.195,0.7741,527346.12,105603.51,14678.33,4.9936,0.0232,
2026-05-29T12:36:04.394767,522,0,94,64,0,10203,15767,11045,0.6471,0.4253,17106.07,3638.5,12240.02,4.7014,0.59,
2026-05-29T12:36:05.398942,514,0,100,64,0,69209,52680,31044,1.3138,0.2547,111122.26,22202.88,20868.87,5.0049,0.1565,
2026-05-29T12:36:06.402181,515,0,97,64,0,47760,20549,15005,2.3242,0.2197,14059.13,3327.25,14487.38,4.2254,0.8333,
2026-05-29T12:36:07.404842,490,0,93,61,0,13889,26426,16863,0.5256,0.4183,88487.23,30325.55,23059.98,2.9179,0.1941,
2026-05-29T12:36:08.407490,535,0,80,74,0,263983,44526,24809,5.9287,0.0804,54713.66,21441.67,28311.19,2.5517,0.3718,
2026-05-29T12:36:09.411657,515,0,67,61,0,23517,21111,14806,1.114,0.3318,291879.18,113175.13,57226.09,2.579,0.1413,
2026-05-29T12:36:10.415830,514,0,74,61,0,16992,12985,9177,1.3086,0.3061,52274.62,20851.86,25675.06,2.507,0.3511,
2026-05-29T12:36:11.420737,507,0,69,64,0,257457,129097,17010,1.9943,0.044,79847.28,7812.28,21300.61,10.2207,0.243,
2026-05-29T12:36:12.423968,522,0,56,61,0,33373,17539,43649,1.9028,0.8573,29039.87,19514.04,54759.36,1.4882,1.1278,
2026-05-29T12:36:13.427206,513,0,74,64,0,49029,50366,47896,0.9735,0.4819,99505.4,29296.8,32656.49,3.3965,0.2535,
2026-05-29T12:36:14.430926,503,0,70,64,0,39782,11570,9855,3.4384,0.1919,36122.39,18693.26,26718.64,1.9324,0.4874,
2026-05-29T12:36:15.434430,524,0,70,60,0,69083,10265,22169,6.73,0.2794,26410.34,8359.34,23060.09,3.1594,0.6632,
2026-05-29T12:36:16.438239,515,0,84,50,0,33643,19089,21147,1.7624,0.401,3058.17,6526.76,15166.74,0.4686,1.5824,
2026-05-29T12:36:17.442121,514,0,77,53,0,58772,29699,51793,1.9789,0.5854,318401.97,78927.18,35355.45,4.0341,0.089,
2026-05-29T12:36:18.446621,513,0,75,48,0,21697,19296,18039,1.1244,0.4401,7220.0,8559.67,15216.25,0.8435,0.9643,
2026-05-29T12:36:19.449382,515,0,84,53,0,11775,33923,10426,0.3471,0.2282,29081.17,10444.91,23251.46,2.7842,0.5883,
2026-05-29T12:36:20.453006,514,0,84,74,0,11341,35422,31133,0.3202,0.6658,904945.85,166911.48,61136.95,5.4217,0.057,
2026-05-29T12:36:21.456376,511,0,93,80,0,53347,12304,15371,4.3357,0.2341,13559.04,6247.22,13187.17,2.1704,0.6658,
2026-05-29T12:36:22.459232,501,0,88,77,0,26333,19978,14447,1.3181,0.312,4732.7,5105.71,10635.81,0.9269,1.081,
2026-05-29T12:36:23.463725,527,0,84,77,0,8065,6660,17191,1.211,1.1675,2984.56,2841.71,17695.82,1.0503,3.0372,
2026-05-29T12:36:24.467478,516,0,100,63,0,8351,6546,18498,1.2757,1.2417,4933.92,3059.19,30117.47,1.6128,3.7679,
2026-05-29T12:36:25.471355,514,0,100,53,0,61262,29633,19933,2.0674,0.2193,34916.17,10474.68,15964.23,3.3334,0.3517,
2026-05-29T12:36:26.474593,513,0,100,60,0,59578,33860,15303,1.7595,0.1638,7735.33,5663.84,19850.54,1.3657,1.4815,
2026-05-29T12:36:27.478784,514,0,96,60,0,10992,19303,8400,0.5694,0.2773,33040.07,9289.43,16059.09,3.5567,0.3794,
2026-05-29T12:36:28.483747,514,0,83,67,0,15557,21345,18407,0.7288,0.4988,17474.29,12758.25,21164.92,1.3696,0.7001,
2026-05-29T12:36:29.488417,515,0,74,75,0,161478,59619,21334,2.7085,0.0965,979630.74,149390.76,52588.76,6.5575,0.0466,
2026-05-29T12:36:30.492870,514,0,66,74,0,34542,9265,4041,3.7282,0.0922,63369.1,41419.47,27645.51,1.5299,0.2638,
2026-05-29T12:36:31.496385,515,0,57,69,0,34693,26617,26111,1.3034,0.4259,20967.9,25552.87,22245.2,0.8206,0.4782,
2026-05-29T12:36:32.500520,513,0,61,63,0,25615,10629,22510,2.4099,0.6211,12718.92,24205.84,25563.5,0.5254,0.6923,
2026-05-29T12:36:33.506564,502,0,63,56,0,221119,148780,30839,1.4862,0.0834,732423.35,105312.82,24875.24,6.9547,0.0297,
2026-05-29T12:36:34.510969,526,0,57,61,0,111924,34922,28364,3.205,0.1932,410197.69,149531.69,32842.69,2.7432,0.0587,
2026-05-29T12:36:35.515814,513,0,69,61,0,47608,24930,5369,1.9097,0.074,119729.93,46746.7,23965.93,2.5612,0.144,
2026-05-29T12:36:36.519453,518,0,51,61,0,53150,20851,11570,2.549,0.1563,751520.94,146515.92,23300.7,5.1293,0.0259,
2026-05-29T12:36:37.523686,487,0,40,64,0,48636,21739,33068,2.2373,0.4699,27348.86,5375.23,16607.87,5.0879,0.5075,
2026-05-29T12:36:38.527255,541,0,61,57,0,216292,30205,55953,7.1608,0.227,806964.24,98973.53,24677.62,8.1533,0.0272,
2026-05-29T12:36:39.531803,514,0,51,51,0,74175,22444,9135,3.3049,0.0945,577082.89,108696.41,17900.54,5.3091,0.0261,
2026-05-29T12:36:40.535838,514,0,53,48,0,68997,20200,8434,3.4157,0.0946,37313.83,3646.84,9062.07,10.2318,0.2212,
2026-05-29T12:36:41.539342,513,0,47,44,0,18781,14548,12725,1.291,0.3818,1515.03,2992.96,18163.76,0.5062,4.0292,E2
2026-05-29T12:36:42.544168,501,0,40,50,0,31791,19555,12978,1.6257,0.2528,104218.05,30138.58,21736.29,3.458,0.1618,
2026-05-29T12:36:43.547543,527,0,48,61,0,222469,115125,61493,1.9324,0.1822,1997425.07,46037.09,11695.71,43.3873,0.0057,
2026-05-29T12:36:44.551365,514,0,53,63,0,5823,3313,2942,1.7576,0.322,331707.94,186232.82,25844.74,1.7811,0.0499,
2026-05-29T12:36:45.555455,515,0,67,66,0,290512,61862,19186,4.6961,0.0544,113122.72,9896.74,9304.72,11.4303,0.0756,
2026-05-29T12:36:46.558453,514,0,48,60,0,12129,8289,8768,1.4633,0.4294,25010.4,5395.72,24906.18,4.6352,0.8191,
2026-05-29T12:36:47.562147,513,0,51,60,0,45121,28396,15518,1.589,0.2111,3226.13,7016.38,32752.85,0.4598,3.1977,
2026-05-29T12:36:48.565989,495,0,51,60,0,47162,18054,26699,2.6123,0.4094,612881.78,79193.94,23980.01,7.739,0.0346,
2026-05-29T12:36:49.568495,527,0,56,57,0,329708,138623,33625,2.3785,0.0718,757836.63,53984.42,19467.16,14.0381,0.024,
2026-05-29T12:36:50.572954,520,0,64,61,0,18944,23855,23090,0.7941,0.5395,5726.33,6501.46,28828.28,0.8808,2.3576,
2026-05-29T12:36:51.577639,460,0,69,63,0,11367,17698,31072,0.6423,1.0691,10180.71,4397.87,14064.57,2.3149,0.9647,
2026-05-29T12:36:52.581257,559,0,90,61,0,34778,33590,12961,1.0354,0.1896,448083.45,98793.88,35203.01,4.5355,0.0644,
2026-05-29T12:36:53.584028,521,0,74,69,0,39376,26726,16008,1.4733,0.2422,202369.42,86382.04,31923.4,2.3427,0.1106,
2026-05-29T12:36:54.589116,515,0,77,74,0,40364,22012,13534,1.8337,0.217,1588245.35,191194.35,26153.41,8.307,0.0147,
2026-05-29T12:36:55.593110,515,0,69,70,0,340684,317292,40466,1.0737,0.0615,111762.89,14810.41,17181.35,7.5462,0.1357,
2026-05-29T12:36:56.597365,513,0,43,77,0,378730,20819,24478,18.1916,0.0613,202301.56,33608.16,43425.05,6.0194,0.1841,
2026-05-29T12:36:57.600595,514,0,35,56,0,19883,14320,17767,1.3885,0.5195,15472.49,4818.61,17320.9,3.211,0.8536,
2026-05-29T12:36:58.606869,516,0,40,54,0,113311,100360,43007,1.129,0.2013,455294.82,136078.44,26831.58,3.3458,0.0454,
2026-05-29T12:36:59.609836,513,0,37,57,0,42188,14789,10766,2.8527,0.189,1361368.66,40013.84,29029.94,34.0224,0.0207,
2026-05-29T12:37:00.614012,514,0,41,51,0,130244,12459,8928,10.4538,0.0626,2220.17,3718.26,20644.74,0.5971,3.4765,
2026-05-29T12:37:01.619078,516,0,43,54,0,48392,65604,21266,0.7376,0.1866,311655.28,107487.89,19320.11,2.8994,0.0461,
2026-05-29T12:37:02.621808,514,0,47,61,0,65087,54770,11454,1.1884,0.0956,494234.14,107397.49,54054.96,4.6019,0.0898,
2026-05-29T12:37:03.626418,498,0,38,63,0,88375,9363,9313,9.4387,0.0953,911580.0,217129.62,75496.03,4.1983,0.0669,
2026-05-29T12:37:04.630186,529,0,40,54,0,65119,13345,18041,4.8797,0.2299,210535.88,65190.29,97041.21,3.2296,0.3519,
2026-05-29T12:37:05.634015,511,0,54,57,0,37889,60906,27697,0.6221,0.2803,13308.53,5415.12,53115.54,2.4577,2.8368,
2026-05-29T12:37:06.637468,517,0,56,57,0,44064,23412,45957,1.8821,0.6811,4991.91,2193.19,34875.29,2.2761,4.8538,
2026-05-29T12:37:07.642245,509,0,78,50,0,15453,12041,22696,1.2834,0.8255,7040.81,12574.18,39437.08,0.5599,2.0106,
2026-05-29T12:37:08.645402,520,0,96,57,0,16031,6589,33751,2.433,1.4921,2061.78,4138.03,46602.79,0.4983,7.5168,
2026-05-29T12:37:09.648736,513,0,100,56,0,49429,67651,84139,0.7306,0.7186,697681.41,79618.48,67619.13,8.7628,0.087,
2026-05-29T12:37:10.652595,514,0,100,53,0,6150,4027,2556,1.5272,0.2512,12436.14,6524.73,41416.73,1.906,2.1843,
2026-05-29T12:37:11.657856,515,0,100,56,0,6810,22008,26452,0.3094,0.9179,6757.46,10639.36,56046.26,0.6351,3.2216,
2026-05-29T12:37:12.662430,510,0,100,63,0,37067,37131,46874,0.9983,0.6317,303670.6,81384.88,78649.62,3.7313,0.2043,
2026-05-29T12:37:13.665704,518,0,96,70,0,151477,63117,87496,2.3999,0.4077,9462.58,5381.33,27435.07,1.7584,1.8482,
2026-05-29T12:37:14.670414,487,0,88,67,0,104034,36317,52525,2.8646,0.3742,333989.56,83904.08,111832.07,3.9806,0.2676,
2026-05-29T12:37:15.674693,541,0,87,63,0,130932,70801,28559,1.8493,0.1416,1754841.71,568343.31,590224.24,3.0876,0.2541,
2026-05-29T12:37:16.679600,515,0,69,60,0,63415,17010,25986,3.7281,0.3231,81430.94,111788.94,128900.38,0.7284,0.6671,
2026-05-29T12:37:17.683153,514,0,56,54,0,509505,264975,115914,1.9228,0.1497,75906.82,39151.44,34824.52,1.9388,0.3027,
2026-05-29T12:37:18.688083,497,0,54,57,0,221261,50643,37691,4.369,0.1386,20352.81,16818.42,39072.6,1.2101,1.0512,
2026-05-29T12:37:19.694029,530,0,47,56,0,558658,81970,41868,6.8154,0.0654,116996.16,109698.98,206441.75,1.0665,0.9107,
2026-05-29T12:37:20.698525,517,0,38,48,0,531380,50264,79216,10.5718,0.1362,483282.73,111330.26,248530.19,4.341,0.418,
2026-05-29T12:37:21.702457,511,0,35,40,0,43651,46205,20030,0.9447,0.2229,712540.19,152105.21,234025.49,4.6845,0.2707,
2026-05-29T12:37:22.706608,514,0,41,43,0,419507,110373,132767,3.8008,0.2506,114182.69,7354.72,61728.04,15.5251,0.5079,
2026-05-29T12:37:23.709537,517,0,47,43,0,117231,25815,52661,4.5412,0.3681,314036.55,84612.11,121774.91,3.7115,0.3055,
2026-05-29T12:37:24.713665,514,0,60,44,0,100645,93042,34636,1.0817,0.1788,682657.3,495446.21,348232.56,1.3779,0.2956,
2026-05-29T12:37:25.718327,512,0,61,60,0,216656,168526,106285,1.2856,0.2759,1032443.84,204136.57,39389.33,5.0576,0.0319,
2026-05-29T12:37:26.723258,516,0,60,57,0,12046,16611,34553,0.7252,1.2057,54103.99,23706.77,49441.33,2.2822,0.6354,
2026-05-29T12:37:27.727150,513,0,77,63,0,118811,10347,36072,11.4827,0.2793,11995.48,24261.84,62305.14,0.4944,1.7184,
2026-05-29T12:37:28.730852,515,0,78,57,0,13129,57306,52354,0.2291,0.7433,26403.83,12295.37,79836.37,2.1475,2.063,
2026-05-29T12:37:29.737118,493,0,91,60,0,62812,16339,45373,3.8443,0.5732,638542.97,150834.67,47879.0,4.2334,0.0607,
2026-05-29T12:37:30.745423,540,0,100,50,0,14439,11439,15871,1.2623,0.6133,67587.22,38413.77,97999.85,1.7595,0.9245,
2026-05-29T12:37:31.749283,513,0,96,50,0,128749,46014,36042,2.798,0.2062,70372.53,49659.79,34679.03,1.4171,0.2889,
2026-05-29T12:37:32.752841,514,0,94,61,0,13295,3038,7505,4.3762,0.4595,20717.99,17063.61,60134.89,1.2142,1.5916,
2026-05-29T12:37:33.757336,496,0,91,47,0,32020,13650,60988,2.3458,1.3354,944179.06,199781.52,141521.05,4.7261,0.1237,
2026-05-29T12:37:34.760985,532,0,94,47,0,571474,78254,48454,7.3028,0.0746,94963.91,22916.98,37006.87,4.1438,0.3139,
2026-05-29T12:37:35.764950,514,0,80,38,0,113944,131856,40947,0.8642,0.1666,81711.16,50983.96,156216.48,1.6027,1.1773,
2026-05-29T12:37:36.769159,513,0,78,48,0,1345847,170790,128334,7.8801,0.0846,266289.83,26139.63,83599.56,10.1872,0.2859,
2026-05-29T12:37:37.772262,513,0,60,47,0,23997,10216,4050,2.349,0.1184,55672.89,26017.66,77627.24,2.1398,0.9503,
2026-05-29T12:37:38.775520,515,0,41,53,0,53836,26170,45930,2.0572,0.5741,51654.55,6500.89,69354.76,7.9458,1.1926,
2026-05-29T12:37:39.779442,514,0,56,57,0,117245,40689,23517,2.8815,0.1489,52546.74,9921.7,62630.22,5.2961,1.0026,
2026-05-29T12:37:40.783186,478,0,57,50,0,98468,88777,44861,1.1092,0.2396,34519.31,25718.56,66431.16,1.3422,1.1028,
2026-05-29T12:37:41.786373,551,0,74,61,0,32422,40666,37609,0.7973,0.5146,47178.56,37314.87,62488.22,1.2643,0.7396,
2026-05-29T12:37:42.790159,511,0,87,64,0,94751,43270,34603,2.1898,0.2507,1433458.71,144132.73,40026.61,9.9454,0.0254,
2026-05-29T12:37:43.793701,515,0,77,66,0,35158,21673,24813,1.6222,0.4366,98470.86,167024.79,129195.78,0.5896,0.4866,
2026-05-29T12:37:44.798427,493,0,80,67,0,55644,12055,3797,4.6158,0.0561,962001.53,211857.36,391743.98,4.5408,0.3337,
2026-05-29T12:37:45.803062,537,0,63,60,0,289474,346060,127245,0.8365,0.2002,190168.88,88608.38,163808.19,2.1462,0.5876,
2026-05-29T12:37:46.806889,513,0,50,63,0,131525,46769,13453,2.8122,0.0755,670461.41,122821.71,319026.48,5.4588,0.4022,
2026-05-29T12:37:47.810478,507,0,40,63,0,57116,19833,50957,2.8798,0.6622,2086489.14,358265.71,83945.41,5.8239,0.0343,
2026-05-29T12:37:48.813690,511,0,44,57,0,57877,14838,8927,3.9006,0.1228,20521.61,22115.37,48628.27,0.9279,1.1405,
2026-05-29T12:37:49.816762,524,0,53,57,0,122884,58817,44533,2.0893,0.2451,104216.76,144470.2,84816.88,0.7214,0.3411,
2026-05-29T12:37:50.820054,514,0,57,51,0,52293,86055,64333,0.6077,0.465,954477.61,1615396.59,1892027.25,0.5909,0.7362,
2026-05-29T12:37:51.823479,514,0,74,57,0,12730,8160,5421,1.56,0.2595,5784231.87,2563259.6,1453740.61,2.2566,0.1742,
2026-05-29T12:37:52.827831,513,0,64,64,0,1247967,307126,296289,4.0634,0.1905,70085.28,35120.31,74119.61,1.9956,0.7045,
2026-05-29T12:37:53.831552,514,0,63,64,0,246845,463053,389776,0.5331,0.5491,611802.26,126842.2,170060.99,4.8233,0.2302,
2026-05-29T12:37:54.835783,512,0,69,69,0,40234,27060,13169,1.4868,0.1957,50458.99,32877.25,54022.67,1.5348,0.6482,
2026-05-29T12:37:55.840078,515,0,60,67,0,217652,35181,47148,6.1866,0.1865,145726.7,96822.06,47412.61,1.5051,0.1955,
2026-05-29T12:37:56.843290,506,0,60,57,0,34116,19863,16132,1.7176,0.2989,536394.68,147142.67,250412.25,3.6454,0.3663,
2026-05-29T12:37:57.846665,523,0,69,61,0,172940,98425,73844,1.7571,0.2721,273947.47,377506.0,257179.01,0.7257,0.3948,
2026-05-29T12:37:58.851605,514,0,61,54,0,34867,12797,24428,2.7246,0.5125,379401.81,257099.08,95744.35,1.4757,0.1504,
2026-05-29T12:37:59.855601,498,0,69,48,0,159277,81587,111441,1.9522,0.4627,742273.44,338585.72,250590.36,2.1923,0.2318,
2026-05-29T12:38:00.859686,529,0,63,53,0,778025,256611,176673,3.0319,0.1708,2511302.62,473411.32,342569.66,5.3047,0.1148,
2026-05-29T12:38:01.863525,516,0,56,51,0,38251,4787,12216,7.9906,0.2838,925415.61,605520.15,200676.93,1.5283,0.1311,
2026-05-29T12:38:02.866927,513,0,57,41,0,978357,261723,111114,3.7381,0.0896,145968.67,44881.19,37665.57,3.2523,0.1974,
2026-05-29T12:38:03.871007,505,0,41,43,0,335344,190969,77414,1.756,0.1471,121990.71,14794.28,72336.03,8.2458,0.5288,
2026-05-29T12:38:04.874019,522,0,41,47,0,31070,12798,27752,2.4277,0.6326,84130.5,21063.7,38689.83,3.9941,0.3678,
2026-05-29T12:38:05.878231,515,0,50,44,0,93197,15895,14856,5.8633,0.1362,30933.42,22160.68,77247.76,1.3959,1.4549,
2026-05-29T12:38:06.881411,514,0,48,48,0,186697,27510,51438,6.7865,0.2401,121352.26,46075.99,88407.61,2.6337,0.528,
2026-05-29T12:38:07.886624,515,0,60,41,0,106081,13596,15204,7.8024,0.127,301528.57,213038.08,231533.11,1.4154,0.45,
2026-05-29T12:38:08.891293,513,0,60,30,0,297409,108711,134000,2.7358,0.33,554439.2,373075.34,436812.25,1.4861,0.4709,
2026-05-29T12:38:09.894199,515,0,57,34,0,376738,71903,27051,5.2395,0.0603,692235.16,65857.37,163609.4,10.5111,0.2158,
2026-05-29T12:38:10.899343,500,0,50,34,0,656597,86168,129218,7.62,0.174,429721.68,101253.38,126413.68,4.244,0.2381,
2026-05-29T12:38:11.902292,528,0,44,34,0,113862,183698,64886,0.6198,0.2181,299275.45,93674.18,102480.28,3.1949,0.2608,
2026-05-29T12:38:12.907503,514,0,50,50,0,138409,55129,86821,2.5106,0.4486,522685.91,340388.41,206957.09,1.5356,0.2398,
2026-05-29T12:38:13.911402,515,0,57,50,0,74841,15131,11635,4.9462,0.1293,295111.54,76781.94,175825.38,3.8435,0.4728,
2026-05-29T12:38:14.915231,500,0,64,50,0,26740,9782,6430,2.7336,0.1761,2412325.88,201476.69,311618.15,11.9732,0.1192,
2026-05-29T12:38:15.918394,527,0,66,57,0,403199,132257,129045,3.0486,0.241,1476142.53,435431.54,323385.5,3.3901,0.1692,
2026-05-29T12:38:16.923363,515,0,63,47,0,170202,63254,39645,2.6908,0.1698,838473.39,237103.49,150931.44,3.5363,0.1403,
2026-05-29T12:38:17.927593,512,0,54,48,0,84296,49147,27106,1.7152,0.2031,566824.83,205541.5,131203.97,2.7577,0.1699,
2026-05-29T12:38:18.932841,514,0,56,54,0,357175,175026,80579,2.0407,0.1514,660459.8,53006.92,117940.91,12.4599,0.1653,
2026-05-29T12:38:19.935830,516,0,50,57,0,272873,108864,106433,2.5065,0.2788,181092.34,70306.86,128099.27,2.5757,0.5095,
2026-05-29T12:38:20.938711,513,0,53,60,0,71479,94494,60196,0.7564,0.3627,512050.06,130884.9,249114.7,3.9122,0.3875,
2026-05-29T12:38:21.942629,514,0,53,64,0,184520,105516,261112,1.7487,0.9003,365126.71,75524.15,75972.96,4.8346,0.1724,
2026-05-29T12:38:22.946569,515,0,64,60,0,53412,56933,77585,0.9382,0.7031,46217.01,108638.57,119793.49,0.4254,0.7736,
2026-05-29T12:38:23.949957,513,0,81,60,0,341529,75809,102091,4.5051,0.2446,334296.53,63276.3,95135.75,5.2831,0.2393,
2026-05-29T12:38:24.953948,512,0,83,54,0,180817,87860,63096,2.058,0.2348,128898.36,14085.97,78560.84,9.1508,0.5494,
2026-05-29T12:38:25.957667,496,0,81,51,0,42739,45657,74388,0.9361,0.8415,32916.83,59752.6,64991.28,0.5509,0.7013,
2026-05-29T12:38:26.960706,534,0,83,54,0,101524,20365,24391,4.9852,0.2001,363283.69,37178.02,30388.64,9.7715,0.0759,
2026-05-29T12:38:27.964806,513,0,75,48,0,43050,60272,37475,0.7143,0.3627,10349.06,11949.82,73002.24,0.866,3.2738,
2026-05-29T12:38:28.968234,512,0,80,57,0,27330,28166,54928,0.9703,0.9898,33404.02,11125.46,38328.0,3.0025,0.8607,
2026-05-29T12:38:29.972543,507,0,94,57,0,70655,14549,30568,4.8563,0.3588,5318.08,6860.07,59424.8,0.7752,4.8796,
2026-05-29T12:38:30.976119,522,0,94,60,0,24957,20663,21018,1.2078,0.4607,1222974.52,129493.32,103204.92,9.4443,0.0763,
2026-05-29T12:38:31.980220,504,0,94,60,0,24957,20663,21018,1.2078,0.4607,23757.09,14056.79,54196.8,1.6901,1.4333,
2026-05-29T12:38:32.984145,525,0,90,53,0,124936,63585,51606,1.9649,0.2737,175229.63,57816.18,109057.2,3.0308,0.468,
2026-05-29T12:38:33.987631,507,0,83,60,0,45087,16369,17310,2.7544,0.2817,12612.0,87408.16,210476.14,0.1443,2.1043,
2026-05-29T12:38:34.991664,521,0,81,54,0,46751,10636,12629,4.3955,0.2201,82956.21,23242.56,44104.84,3.5692,0.4153,
2026-05-29T12:38:35.994959,515,0,77,47,0,5888,973,12063,6.0514,1.7582,66246.92,29310.14,73611.43,2.2602,0.7703,
2026-05-29T12:38:36.999412,485,0,77,47,0,5888,973,12063,6.0514,1.7582,22772.37,13929.03,113912.62,1.6349,3.1038,
2026-05-29T12:38:38.002727,542,0,83,35,0,18969,2042,12853,9.2894,0.6117,288833.54,74543.15,70295.69,3.8747,0.1935,
2026-05-29T12:38:39.006984,506,0,83,24,0,44771,14648,15840,3.0565,0.2666,110079.86,57607.52,98642.63,1.9109,0.5883,
2026-05-29T12:38:40.011206,523,0,84,27,0,165495,29143,46265,5.6787,0.2377,32405.61,9371.25,83208.83,3.458,1.9917,
2026-05-29T12:38:41.015114,491,0,67,37,0,41847,22386,17673,1.8693,0.2751,512618.13,121222.92,217870.11,4.2287,0.3437,
2026-05-29T12:38:42.018178,536,0,74,37,0,125740,44314,111320,2.8375,0.6546,118468.74,78958.09,50176.11,1.5004,0.2542,
2026-05-29T12:38:43.023468,515,0,67,43,0,177334,34814,53433,5.0938,0.2519,42567.39,27678.06,60676.97,1.5379,0.8638,
2026-05-29T12:38:44.027959,514,0,61,40,0,530982,32058,122904,16.5632,0.2183,771728.15,329959.12,113683.24,2.3389,0.1032,
2026-05-29T12:38:45.031387,508,0,51,30,0,128406,45634,122234,2.8138,0.7023,286604.35,28898.47,78389.63,9.9176,0.2485,
2026-05-29T12:38:46.034290,520,0,53,26,0,20057,3335,3950,6.0141,0.1689,37502.79,26327.45,56948.45,1.4245,0.8922,
2026-05-29T12:38:47.038114,513,0,51,24,0,164451,32304,18090,5.0907,0.0919,65830.85,63469.65,95418.75,1.0372,0.738,
2026-05-29T12:38:48.041447,503,0,41,26,0,64372,83172,29091,0.774,0.1972,802394.08,382877.94,185532.36,2.0957,0.1565,
2026-05-29T12:38:49.044738,526,0,48,50,0,88078,63974,34035,1.3768,0.2238,951041.0,526132.5,335827.14,1.8076,0.2273,
2026-05-29T12:38:50.048935,514,0,40,57,0,153421,52144,18168,2.9423,0.0884,62729.08,23330.76,40227.38,2.6887,0.4674,
2026-05-29T12:38:51.052735,514,0,26,64,0,384128,118387,47138,3.2447,0.0938,562805.54,90769.83,43737.63,6.2004,0.0669,
2026-05-29T12:38:52.057200,489,0,23,67,0,492129,39083,60652,12.5919,0.1142,97790.8,22578.72,31116.12,4.3311,0.2585,
2026-05-29T12:38:53.060463,538,0,16,47,0,160802,72247,53194,2.2257,0.2283,81615.66,377889.1,124103.83,0.216,0.2701,
2026-05-29T12:38:54.064851,515,0,16,43,0,93216,30471,32071,3.0592,0.2593,640084.99,197600.92,154504.76,3.2393,0.1844,
2026-05-29T12:38:55.069955,503,0,29,40,0,81062,98905,53141,0.8196,0.2953,131725.62,55372.72,100749.44,2.3789,0.5385,
2026-05-29T12:38:56.074734,512,0,41,48,0,415247,44022,83870,9.4327,0.1826,1159163.98,525546.32,121825.36,2.2056,0.0723,
2026-05-29T12:38:57.077613,527,0,48,50,0,125311,65439,24583,1.9149,0.1289,92105.19,76092.02,153118.37,1.2104,0.9104,
2026-05-29T12:38:58.081548,514,0,47,51,0,228165,34694,92965,6.5765,0.3537,156351.47,15653.56,85828.97,9.9882,0.499,
2026-05-29T12:38:59.085024,514,0,48,47,0,18152,26087,16455,0.6958,0.372,100627.91,72691.29,97017.97,1.3843,0.5598,
2026-05-29T12:39:00.088982,513,0,43,47,0,25427,14675,37064,1.7327,0.9242,141645.01,68005.59,59732.33,2.0828,0.2849,
2026-05-29T12:39:01.091664,512,0,63,54,0,47457,10489,13627,4.5245,0.2352,576729.82,89225.62,41037.07,6.4637,0.0616,
2026-05-29T12:39:02.094685,515,0,64,48,0,110368,38633,48327,2.8568,0.3243,35354.49,98908.6,86089.99,0.3574,0.6412,
2026-05-29T12:39:03.097958,513,0,63,53,0,85216,27436,35585,3.106,0.3159,61598.82,57010.53,129698.17,1.0805,1.0935,
2026-05-29T12:39:04.102286,516,0,70,44,0,19953,8826,10641,2.2607,0.3697,104295.24,136411.55,151944.31,0.7646,0.6312,E3
2026-05-29T12:39:05.105781,515,0,57,47,0,12826,16441,22959,0.7801,0.7845,968721.82,44715.64,54819.45,21.664,0.0541,
2026-05-29T12:39:06.110210,513,0,69,54,0,280278,83365,34304,3.3621,0.0943,1248982.38,167274.11,59996.79,7.4667,0.0424,
2026-05-29T12:39:07.115568,494,0,63,54,0,79369,10828,26136,7.33,0.2898,42530.35,41155.59,96515.62,1.0334,1.1533,
2026-05-29T12:39:08.118792,534,0,53,50,0,222521,162162,68633,1.3722,0.1784,707991.68,271449.44,183746.59,2.6082,0.1876,
2026-05-29T12:39:09.123474,512,0,48,54,0,396661,38891,47597,10.1993,0.1093,217240.21,34366.4,58971.49,6.3213,0.2344,
2026-05-29T12:39:10.127826,517,0,26,40,0,58043,22236,9838,2.6103,0.1225,71985.71,61615.05,57546.54,1.1683,0.4307,
2026-05-29T12:39:11.131142,505,0,35,41,0,53740,10418,9473,5.1584,0.1477,54980.81,23426.63,81591.05,2.3469,1.0406,
2026-05-29T12:39:12.133965,523,0,44,44,0,60429,28250,40217,2.1391,0.4535,4520.45,5286.94,50539.78,0.855,5.1532,
2026-05-29T12:39:13.138054,514,0,56,38,0,57844,20066,17267,2.8827,0.2216,1580665.87,322514.31,46385.48,4.9011,0.0244,
2026-05-29T12:39:14.142784,514,0,64,47,0,128048,33094,37272,3.8692,0.2313,11326.02,34226.08,54396.15,0.3309,1.1942,
2026-05-29T12:39:15.146826,514,0,64,44,0,74247,6477,87953,11.4632,1.0896,37911.15,17423.97,82366.35,2.1758,1.4885,
2026-05-29T12:39:16.150669,502,0,81,34,0,15204,4495,9968,3.3824,0.506,25986.95,12927.43,52286.66,2.0102,1.3436,
2026-05-29T12:39:17.154852,526,0,80,29,0,31604,27465,31735,1.1507,0.5373,6862.84,9360.97,33027.66,0.7331,2.0358,
2026-05-29T12:39:18.158654,514,0,94,35,0,20644,8271,60747,2.4959,2.1009,3357.12,1973.55,60691.89,1.7011,11.3854,
2026-05-29T12:39:19.163920,515,0,100,30,0,90726,65030,53676,1.3951,0.3446,206877.66,46054.51,90943.71,4.492,0.3596,
2026-05-29T12:39:20.168640,513,0,100,51,0,286410,31018,20596,9.2337,0.0649,907685.43,140049.02,178594.07,6.4812,0.1705,
2026-05-29T12:39:21.172694,515,0,81,47,0,26660,5110,20231,5.2172,0.6368,11780.42,4266.54,83658.84,2.7611,5.2134,
2026-05-29T12:39:22.176822,497,0,78,37,0,27026,20347,77155,1.3283,1.6287,11536.51,4746.98,89482.98,2.4303,5.4953,
2026-05-29T12:39:23.180409,519,0,78,40,0,89719,79905,90088,1.1228,0.5311,711828.08,110164.17,74993.12,6.4615,0.0912,
2026-05-29T12:39:24.183739,526,0,78,40,0,241551,32555,98847,7.4198,0.3606,29058.91,23342.53,70632.18,1.2449,1.3479,
2026-05-29T12:39:25.187160,495,0,88,40,0,290928,137125,121139,2.1216,0.283,6541.87,6474.73,93743.09,1.0104,7.2018,
2026-05-29T12:39:26.190113,527,0,83,48,0,180277,26166,27797,6.8897,0.1346,21347.66,9358.83,33606.79,2.281,1.0945,
2026-05-29T12:39:27.193565,519,0,63,44,0,27123,6734,15814,4.0278,0.4671,1830785.75,456950.45,113239.2,4.0065,0.0495,
2026-05-29T12:39:28.197895,515,0,63,37,0,188576,102654,68772,1.837,0.2361,24381.95,3018.21,124994.01,8.0783,4.5618,
2026-05-29T12:39:29.202283,514,0,63,48,0,11155,5024,13574,2.2203,0.839,10398.69,5680.19,42394.2,1.8307,2.6366,
2026-05-29T12:39:30.205300,510,0,74,43,0,40451,47697,49972,0.8481,0.5669,395805.9,43252.43,43575.0,9.1511,0.0992,
2026-05-29T12:39:31.208765,515,0,83,54,0,25155,15418,14881,1.6315,0.3668,14365.32,15688.14,39818.75,0.9157,1.3249,
2026-05-29T12:39:32.212273,513,0,83,63,0,40682,35289,15069,1.1528,0.1984,626885.74,63032.2,66994.94,9.9455,0.0971,
2026-05-29T12:39:33.216207,495,0,78,66,0,12368,10511,128322,1.1767,5.6087,7005.79,5635.85,71182.75,1.2431,5.6308,
2026-05-29T12:39:34.219931,536,0,84,60,0,103267,27397,34204,3.7693,0.2618,5154.32,7954.23,57629.58,0.648,4.3963,
2026-05-29T12:39:35.225885,515,0,75,51,0,16193,12975,22009,1.248,0.7546,896182.47,72325.6,94480.89,12.3909,0.0976,
2026-05-29T12:39:36.229498,514,0,75,48,0,8261,4980,60177,1.6588,4.5447,3354.17,4262.82,64689.86,0.7868,8.4928,
2026-05-29T12:39:37.233618,498,0,96,29,0,37088,7932,62581,4.6757,1.3901,137297.85,8155.75,184562.99,16.8345,1.2689,
2026-05-29T12:39:38.238290,528,0,88,30,0,77303,38133,114925,2.0272,0.9956,4376.08,13243.74,85539.32,0.3304,4.8547,
2026-05-29T12:39:39.245124,509,0,96,30,0,117836,18723,102547,6.2936,0.7509,17882.84,6189.15,119531.66,2.8894,4.9656,
2026-05-29T12:39:40.249001,523,0,97,21,0,140291,43182,103209,3.2488,0.5625,5374.76,6290.46,140900.73,0.8544,12.0787,
2026-05-29T12:39:41.253351,512,0,83,29,0,127894,34178,23718,3.742,0.1463,328489.8,27562.57,107692.74,11.918,0.3025,
2026-05-29T12:39:42.257173,516,0,67,38,0,32953,8183,25512,4.027,0.6202,4601.29,10326.92,38760.46,0.4456,2.5965,
2026-05-29T12:39:43.261525,514,0,63,35,0,107555,45323,30105,2.3731,0.1969,112510.42,71865.69,47027.21,1.5656,0.2551,
2026-05-29T12:39:44.265238,512,0,50,44,0,58171,44245,36421,1.3147,0.3556,21055.09,6484.63,61268.12,3.2469,2.2247,
2026-05-29T12:39:45.267938,513,0,44,53,0,127929,36584,79294,3.4969,0.482,2017.46,6452.98,91697.5,0.3126,10.8256,
2026-05-29T12:39:46.271226,506,0,53,51,0,205138,15846,83634,12.9457,0.3785,64290.2,10970.85,66687.65,5.8601,0.8861,
2026-05-29T12:39:47.276088,523,0,50,43,0,46755,12047,42333,3.881,0.7199,4163.69,1420.76,68476.73,2.9306,12.262,
2026-05-29T12:39:48.280304,492,0,64,37,0,5088,8771,46971,0.5801,3.3892,2724.03,10566.37,62502.04,0.2578,4.7028,
2026-05-29T12:39:49.283335,537,0,80,27,0,20635,3645,15268,5.6612,0.6288,604017.34,74882.89,78926.54,8.0662,0.1163,
2026-05-29T12:39:50.287060,514,0,81,23,0,1492388,126961,103131,11.7547,0.0637,4237.45,17218.59,132325.76,0.2461,6.1673,
2026-05-29T12:39:51.290431,513,0,66,26,0,113905,59015,80163,1.9301,0.4636,485287.87,141832.68,101351.88,3.4216,0.1616,
2026-05-29T12:39:52.293709,504,0,63,34,0,83698,63767,15890,1.3126,0.1078,454101.46,96333.13,84670.46,4.7139,0.1538,
2026-05-29T12:39:53.297405,524,0,40,44,0,74814,19622,26911,3.8128,0.285,473225.0,86209.88,120933.82,5.4892,0.2162,
2026-05-29T12:39:54.301620,514,0,29,50,0,293863,90570,73175,3.2446,0.1903,448178.94,163055.35,152465.59,2.7486,0.2494,
2026-05-29T12:39:55.305897,515,0,40,57,0,87763,31584,67732,2.7787,0.5675,196827.96,100861.36,60647.99,1.9515,0.2037,
2026-05-29T12:39:56.310365,514,0,40,54,0,207939,57062,56745,3.6441,0.2141,51782.56,18520.92,73244.93,2.7959,1.0418,
2026-05-29T12:39:57.315204,514,0,47,44,0,29018,2225,20299,13.0418,0.6497,273911.66,35081.93,103892.71,7.8078,0.3362,
2026-05-29T12:39:58.320933,513,0,51,34,0,119221,17379,26946,6.8601,0.1973,473679.87,143525.48,245668.34,3.3003,0.398,
2026-05-29T12:39:59.325867,517,0,53,27,0,24344,10170,29587,2.3937,0.8572,590956.88,76749.18,102811.6,7.6998,0.154,
2026-05-29T12:40:00.329924,513,0,54,26,0,123553,34225,25392,3.61,0.1609,313544.67,125960.53,106977.82,2.4892,0.2434,
2026-05-29T12:40:01.332948,515,0,53,27,0,366105,246599,157125,1.4846,0.2564,509590.17,165894.12,90736.28,3.0718,0.1343,
2026-05-29T12:40:02.336326,512,0,41,47,0,47397,14312,12103,3.3117,0.1961,780968.02,293458.77,92694.1,2.6613,0.0863,
2026-05-29T12:40:03.341303,497,0,34,53,0,3848,1757,5206,2.1901,0.9288,6602.61,10660.28,164022.78,0.6194,9.5015,
2026-05-29T12:40:04.346631,534,0,37,53,0,105449,103465,88947,1.0192,0.4258,828668.82,98627.55,73536.68,8.402,0.0793,
2026-05-29T12:40:05.351573,514,0,41,60,0,46806,4918,15457,9.5173,0.2988,2045.29,6561.93,88593.49,0.3117,10.2929,
2026-05-29T12:40:06.359419,517,0,53,44,0,550397,59810,25053,9.2024,0.0411,1236521.67,412862.12,112018.66,2.995,0.0679,
2026-05-29T12:40:07.363244,492,0,48,38,0,45651,9757,8430,4.6788,0.1521,134906.56,38885.77,253450.59,3.4693,1.4584,
2026-05-29T12:40:08.367577,536,0,35,38,0,46494,31937,41730,1.4558,0.5321,276766.79,486456.96,526169.71,0.5689,0.6894,
2026-05-29T12:40:09.370923,512,0,35,35,0,14300,2972,5572,4.8116,0.3226,146997.73,42662.27,111264.33,3.4456,0.5867,
2026-05-29T12:40:10.374547,514,0,30,40,0,347382,114743,85199,3.0275,0.1844,1366383.02,202354.86,100143.64,6.7524,0.0638,
2026-05-29T12:40:11.378472,513,0,38,48,0,162676,47995,23929,3.3894,0.1136,163459.95,66414.76,237121.98,2.4612,1.0315,
2026-05-29T12:40:12.382430,516,0,35,51,0,271728,83678,42843,3.2473,0.1205,10933311.8,11466666.74,1692771.48,0.9535,0.0756,
2026-05-29T12:40:13.385559,513,217,26,48,26,124846,22136,45786,5.64,0.3115,595912.99,75183.35,132168.87,7.9261,0.1969,
2026-05-29T12:40:14.388944,484,295,26,48,0,19732,90859,47618,0.2172,0.4306,1590794.58,303436.87,150446.31,5.2426,0.0794,
2026-05-29T12:40:15.392051,544,221,24,66,51,84881,37546,8779,2.2607,0.0717,263959.54,123161.79,228129.92,2.1432,0.5893,
2026-05-29T12:40:16.395868,513,291,24,66,0,284115,43104,28651,6.5914,0.0876,136137.89,262720.78,469989.94,0.5182,1.1783,
